{
    "images": [
        {
            "id": "{5e4c09d1-9b62-4ca8-9d1a-9b2ed0d51b6b}",
            "name": "icnHomePressed",
            "type": "RGB"
        },
        {
            "id": "{ca5c2b15-d44f-47e1-b5df-76dd317d558e}",
            "name": "icnHomeReleased",
            "type": "RGB"
        },
        {
            "id": "{2c9fc33c-c5ff-4b48-abf2-805cc472a3d5}",
            "name": "mchpBlackLogo",
            "type": "RGB"
        },
        {
            "id": "{3e9ff891-beb1-407a-9218-032a6f63d5a1}",
            "name": "mgsLogo",
            "type": "RGB"
        },
        {
            "id": "{e295bc10-b0cb-4abd-9ead-bc7fcd5e3e00}",
            "name": "imgButton1",
            "type": "RGB"
        },
        {
            "id": "{f978680b-4fd8-4e48-8a62-4791e3ee1512}",
            "name": "imgButton2",
            "type": "RGB"
        },
        {
            "id": "{3a734c2f-55bc-4bf1-baf6-bd5fdb9613ef}",
            "name": "QR",
            "type": "RGB"
        }
    ],
    "paths": [
    ]
}
