{
    "bindings": [
        {
            "font": "{190f1e27-e8de-4699-9a68-e4fc9d9f5357}",
            "language": "{1e658d42-9a88-4c67-bd97-ac706cdfca23}",
            "string": "{2bc9d285-015f-4e4f-8193-cb7a1515e30c}"
        },
        {
            "font": "{190f1e27-e8de-4699-9a68-e4fc9d9f5357}",
            "language": "{1e658d42-9a88-4c67-bd97-ac706cdfca23}",
            "string": "{b21bc44d-9079-448f-b95e-e70568195591}"
        },
        {
            "font": "{c4e4c33b-39c7-44f5-b303-ebc662d572f1}",
            "language": "{1e658d42-9a88-4c67-bd97-ac706cdfca23}",
            "string": "{7feaf9db-32cb-4a10-9049-c0e1084b0e54}"
        },
        {
            "font": "{988277d6-cd40-47ba-a740-5c4b0b113ebf}",
            "language": "{1e658d42-9a88-4c67-bd97-ac706cdfca23}",
            "string": "{803b53e3-8c03-4fa7-934d-876d40e64adb}"
        },
        {
            "font": "{c4e4c33b-39c7-44f5-b303-ebc662d572f1}",
            "language": "{1e658d42-9a88-4c67-bd97-ac706cdfca23}",
            "string": "{b94a1aab-1f3f-4a86-bc6b-ae220f6bfdad}"
        },
        {
            "font": "{c4e4c33b-39c7-44f5-b303-ebc662d572f1}",
            "language": "{1e658d42-9a88-4c67-bd97-ac706cdfca23}",
            "string": "{eedf197e-0bdc-4029-8cbd-d2922a0f3f9e}"
        }
    ],
    "defaultLanguage": "{1e658d42-9a88-4c67-bd97-ac706cdfca23}",
    "encoding": "ASCII",
    "languages": [
        {
            "properties": {
                "__categories": [
                ],
                "__groups": [
                ],
                "enabled": {
                    "enabled": true,
                    "type": "boolean",
                    "value": true,
                    "visible": true
                },
                "id": {
                    "enabled": true,
                    "type": "uuid",
                    "value": "{1e658d42-9a88-4c67-bd97-ac706cdfca23}",
                    "visible": true
                },
                "name": {
                    "enabled": true,
                    "type": "text",
                    "value": "Default",
                    "visible": true
                }
            }
        }
    ],
    "paths": [
    ],
    "strings": [
        {
            "properties": {
                "__categories": [
                ],
                "__groups": [
                ],
                "description": {
                    "enabled": true,
                    "type": "text",
                    "value": "",
                    "visible": true
                },
                "id": {
                    "enabled": true,
                    "type": "uuid",
                    "value": "{2bc9d285-015f-4e4f-8193-cb7a1515e30c}",
                    "visible": true
                },
                "name": {
                    "enabled": true,
                    "type": "text",
                    "value": "strQuickstart",
                    "visible": true
                },
                "path": {
                    "enabled": true,
                    "type": "text",
                    "value": "/",
                    "visible": true
                }
            },
            "values": [
                {
                    "language": "{1e658d42-9a88-4c67-bd97-ac706cdfca23}",
                    "value": "Quick Start"
                }
            ]
        },
        {
            "properties": {
                "__categories": [
                ],
                "__groups": [
                ],
                "description": {
                    "enabled": true,
                    "type": "text",
                    "value": "",
                    "visible": true
                },
                "id": {
                    "enabled": true,
                    "type": "uuid",
                    "value": "{7feaf9db-32cb-4a10-9049-c0e1084b0e54}",
                    "visible": true
                },
                "name": {
                    "enabled": true,
                    "type": "text",
                    "value": "demo",
                    "visible": true
                },
                "path": {
                    "enabled": true,
                    "type": "text",
                    "value": "/",
                    "visible": true
                }
            },
            "values": [
                {
                    "language": "{1e658d42-9a88-4c67-bd97-ac706cdfca23}",
                    "value": "H3 JPEG sequence playback demo"
                }
            ]
        },
        {
            "properties": {
                "__categories": [
                ],
                "__groups": [
                ],
                "description": {
                    "enabled": true,
                    "type": "text",
                    "value": "",
                    "visible": true
                },
                "id": {
                    "enabled": true,
                    "type": "uuid",
                    "value": "{803b53e3-8c03-4fa7-934d-876d40e64adb}",
                    "visible": true
                },
                "name": {
                    "enabled": true,
                    "type": "text",
                    "value": "play",
                    "visible": true
                },
                "path": {
                    "enabled": true,
                    "type": "text",
                    "value": "/",
                    "visible": true
                }
            },
            "values": [
                {
                    "language": "{1e658d42-9a88-4c67-bd97-ac706cdfca23}",
                    "value": "Playing"
                }
            ]
        },
        {
            "properties": {
                "__categories": [
                ],
                "__groups": [
                ],
                "description": {
                    "enabled": true,
                    "type": "text",
                    "value": "",
                    "visible": true
                },
                "id": {
                    "enabled": true,
                    "type": "uuid",
                    "value": "{b21bc44d-9079-448f-b95e-e70568195591}",
                    "visible": true
                },
                "name": {
                    "enabled": true,
                    "type": "text",
                    "value": "strBack",
                    "visible": true
                },
                "path": {
                    "enabled": true,
                    "type": "text",
                    "value": "/",
                    "visible": true
                }
            },
            "values": [
                {
                    "language": "{1e658d42-9a88-4c67-bd97-ac706cdfca23}",
                    "value": "Back"
                }
            ]
        },
        {
            "properties": {
                "__categories": [
                ],
                "__groups": [
                ],
                "description": {
                    "enabled": true,
                    "type": "text",
                    "value": "",
                    "visible": true
                },
                "id": {
                    "enabled": true,
                    "type": "uuid",
                    "value": "{b94a1aab-1f3f-4a86-bc6b-ae220f6bfdad}",
                    "visible": true
                },
                "name": {
                    "enabled": true,
                    "type": "text",
                    "value": "djpeg",
                    "visible": true
                },
                "path": {
                    "enabled": true,
                    "type": "text",
                    "value": "/",
                    "visible": true
                }
            },
            "values": [
                {
                    "language": "{1e658d42-9a88-4c67-bd97-ac706cdfca23}",
                    "value": "H3 JPEG in SD 1280x720 -> YUV on HEO @13fps SAMA7D65"
                }
            ]
        },
        {
            "properties": {
                "__categories": [
                ],
                "__groups": [
                ],
                "description": {
                    "enabled": true,
                    "type": "text",
                    "value": "",
                    "visible": true
                },
                "id": {
                    "enabled": true,
                    "type": "uuid",
                    "value": "{eedf197e-0bdc-4029-8cbd-d2922a0f3f9e}",
                    "visible": true
                },
                "name": {
                    "enabled": true,
                    "type": "text",
                    "value": "reading",
                    "visible": true
                },
                "path": {
                    "enabled": true,
                    "type": "text",
                    "value": "/",
                    "visible": true
                }
            },
            "values": [
                {
                    "language": "{1e658d42-9a88-4c67-bd97-ac706cdfca23}",
                    "value": "Reading JPEG from SD card FAT fs ..."
                }
            ]
        }
    ]
}
